{"cameraMode":{"drawMode":0,"name":"Shaded","section":"Shading Mode"},"sceneLighting":false,"audioPlay":false,"sceneViewState":{"m_AlwaysRefresh":false,"showFog":true,"showSkybox":false,"showFlares":true,"showImageEffects":true,"showParticleSystems":true,"showVisualEffectGraphs":true,"m_FxEnabled":true},"in2DMode":false,"pivot":{"x":-0.34999990463256838,"y":1.869999885559082,"z":-23.229999542236329},"rotation":{"x":-0.08088041841983795,"y":0.03198658302426338,"z":-0.0025995790492743255,"w":-0.996221661567688},"size":1.2247449159622193,"orthographic":false}